<!DOCTYPE Linker_Placement_File>
<Root name="Flash Section Placement">
  <MemorySegment name="FLASH" start="$(FLASH_PH_START)" size="$(FLASH_PH_SIZE)">
    <ProgramSection alignment="0x100" load="Yes" name=".vectors" start="$(FLASH_START)" />
    <ProgramSection alignment="0x1000"  keep="Yes" load="Yes" name=".fconfig" start="$(FCONFIG_START)" inputsections="*(.fconfig .fconfig.*)" address_symbol="__fconfig_start" size="$(FCONFIG_SIZE)"/>
    <ProgramSection alignment="4" load="Yes" name=".init" start="$(INIT_START)"/>
    <ProgramSection alignment="4" load="Yes" name=".init_rodata" />
    <ProgramSection alignment="4" load="Yes" name=".text" />
    <ProgramSection alignment="4" keep="Yes" load="Yes" name=".log_const_data" inputsections="*(SORT(.log_const_data*))" address_symbol="__start_log_const_data" end_symbol="__stop_log_const_data" />
    <ProgramSection alignment="4" keep="Yes" load="No" name=".nrf_sections" address_symbol="__start_nrf_sections" />
    <ProgramSection alignment="4" keep="Yes" load="Yes" name=".log_dynamic_data"  inputsections="*(SORT(.log_dynamic_data*))" runin=".log_dynamic_data_run"/>
	  <ProgramSection alignment="4" keep="Yes" load="Yes" name=".dw_drivers" address_symbol="__dw_drivers_start" end_symbol="__dw_drivers_end" />
	  <ProgramSection alignment="4" keep="Yes" load="Yes" name=".known_commands_anytime" address_symbol="__known_commands_start"/>
	  <ProgramSection alignment="4" keep="Yes" load="Yes" name=".known_commands_app" address_symbol="__known_commands_app_start"/>
	  <ProgramSection alignment="4" keep="Yes" load="Yes" name=".known_app_subcommands" address_symbol="__known_app_subcommands_start"/>
 	  <ProgramSection alignment="4" keep="Yes" load="Yes" name=".known_commands_ilde" address_symbol="__known_commands_ilde_start"/>
 	  <ProgramSection alignment="4" keep="Yes" load="Yes" name=".known_commands_service" address_symbol="__known_commands_service_start" end_symbol="__known_commands_end" />
	  <ProgramSection alignment="4" keep="Yes" load="Yes" name=".known_apps" address_symbol="__known_apps_start" end_symbol="__known_apps_end" />
	  <ProgramSection alignment="4" keep="Yes" load="Yes" name=".config_entry" address_symbol="__config_entry_start" end_symbol="__config_entry_end" />
    <ProgramSection alignment="4" load="Yes" name=".dtors" />
    <ProgramSection alignment="4" load="Yes" name=".ctors" />
    <ProgramSection alignment="4" load="Yes" name=".rodata" />
    <ProgramSection alignment="4" load="Yes" name=".ARM.exidx" address_symbol="__exidx_start" end_symbol="__exidx_end" />
    <ProgramSection alignment="4" load="Yes" runin=".fast_run" name=".fast" />
    <ProgramSection alignment="4" load="Yes" runin=".data_run" name=".data" />
    <ProgramSection alignment="4" load="Yes" runin=".tdata_run" name=".tdata" />
  </MemorySegment>
  <MemorySegment name="RAM1" start="$(RAM_PH_START)" size="$(RAM_PH_SIZE)">
    <ProgramSection alignment="0x100" load="No" name=".vectors_ram" start="$(RAM_START)" address_symbol="__app_ram_start__"/>
    <ProgramSection alignment="4" keep="Yes" load="No" name=".nrf_sections_run" address_symbol="__start_nrf_sections_run" />
    <ProgramSection alignment="4" keep="Yes" load="No" name=".log_dynamic_data_run" address_symbol="__start_log_dynamic_data" end_symbol="__stop_log_dynamic_data" />
    <ProgramSection alignment="4" keep="Yes" load="No" name=".nrf_sections_run_end" address_symbol="__end_nrf_sections_run" />
    <ProgramSection alignment="4" keep="Yes" load="No" name=".rconfig" address_symbol="__rconfig_start" end_symbol="__rconfig_end"/>
    <ProgramSection alignment="4" keep="Yes" load="No" name=".rconfig_crc" address_symbol="__rconfig_end" end_symbol="__rconfig_crc_end"/>
    <ProgramSection alignment="4" load="No" name=".fast_run" />
    <ProgramSection alignment="4" load="No" name=".data_run" />
    <ProgramSection alignment="4" load="No" name=".tdata_run" />
    <ProgramSection alignment="4" load="No" name=".bss" />
    <ProgramSection alignment="4" load="No" name=".tbss" />
    <ProgramSection alignment="4" load="No" name=".nrf_balloc" />
    <ProgramSection alignment="4" size="__HEAPSIZE__" load="No" name=".heap" />
    <ProgramSection alignment="8" size="__STACKSIZE__" load="No" place_from_segment_end="Yes" name=".stack"  address_symbol="__StackLimit" end_symbol="__StackTop"/>
    <ProgramSection alignment="8" size="__STACKSIZE_PROCESS__" load="No" name=".stack_process" />
  </MemorySegment>
</Root>
